{
    "experiment_id": "E0",
    "model": "TF-IDF + Logistic Regression",
    "id_test": {
        "accuracy": 0.8476658476658476,
        "macro_f1": 0.8476428536927015,
        "precision": 0.8522727272727273,
        "recall": 0.851078003875969,
        "classification_report": {
            "non-risky": {
                "precision": 0.9090909090909091,
                "recall": 0.7906976744186046,
                "f1-score": 0.845771144278607,
                "support": 215.0
            },
            "risky": {
                "precision": 0.7954545454545454,
                "recall": 0.9114583333333334,
                "f1-score": 0.8495145631067961,
                "support": 192.0
            },
            "accuracy": 0.8476658476658476,
            "macro avg": {
                "precision": 0.8522727272727273,
                "recall": 0.851078003875969,
                "f1-score": 0.8476428536927015,
                "support": 407.0
            },
            "weighted avg": {
                "precision": 0.8554835827563099,
                "recall": 0.8476658476658476,
                "f1-score": 0.8475370814162293,
                "support": 407.0
            }
        },
        "confusion_matrix": [
            [
                170,
                45
            ],
            [
                17,
                175
            ]
        ]
    },
    "ood": {
        "accuracy": 0.5733333333333334,
        "macro_f1": 0.563953488372093,
        "precision": 0.5980392156862745,
        "recall": 0.5857142857142857,
        "classification_report": {
            "non-risky": {
                "precision": 0.6666666666666666,
                "recall": 0.4,
                "f1-score": 0.5,
                "support": 80.0
            },
            "risky": {
                "precision": 0.5294117647058824,
                "recall": 0.7714285714285715,
                "f1-score": 0.627906976744186,
                "support": 70.0
            },
            "accuracy": 0.5733333333333334,
            "macro avg": {
                "precision": 0.5980392156862745,
                "recall": 0.5857142857142857,
                "f1-score": 0.563953488372093,
                "support": 150.0
            },
            "weighted avg": {
                "precision": 0.6026143790849673,
                "recall": 0.5733333333333334,
                "f1-score": 0.5596899224806202,
                "support": 150.0
            }
        },
        "confusion_matrix": [
            [
                32,
                48
            ],
            [
                16,
                54
            ]
        ]
    }
}