{
    "experiment_id": "E1",
    "model_path": "saved_models/E1",
    "id_test": {
        "accuracy": 0.9705159705159705,
        "macro_f1": 0.9704372669604377,
        "precision": 0.97022167368472,
        "recall": 0.9707000968992248,
        "classification_report": {
            "non-risky": {
                "precision": 0.9765258215962441,
                "recall": 0.9674418604651163,
                "f1-score": 0.9719626168224299,
                "support": 215.0
            },
            "risky": {
                "precision": 0.9639175257731959,
                "recall": 0.9739583333333334,
                "f1-score": 0.9689119170984456,
                "support": 192.0
            },
            "accuracy": 0.9705159705159705,
            "macro avg": {
                "precision": 0.97022167368472,
                "recall": 0.9707000968992248,
                "f1-score": 0.9704372669604377,
                "support": 407.0
            },
            "weighted avg": {
                "precision": 0.9705779277436022,
                "recall": 0.9705159705159705,
                "f1-score": 0.9705234660926879,
                "support": 407.0
            }
        },
        "confusion_matrix": [
            [
                208,
                7
            ],
            [
                5,
                187
            ]
        ],
        "average_confidence": 0.9976943060572668,
        "confident_wrong_count": 12,
        "confidence_threshold": 0.8
    },
    "ood": {
        "accuracy": 0.64,
        "macro_f1": 0.6153115501519757,
        "precision": 0.7370233050847458,
        "recall": 0.6598214285714286,
        "classification_report": {
            "non-risky": {
                "precision": 0.90625,
                "recall": 0.3625,
                "f1-score": 0.5178571428571429,
                "support": 80.0
            },
            "risky": {
                "precision": 0.5677966101694916,
                "recall": 0.9571428571428572,
                "f1-score": 0.7127659574468085,
                "support": 70.0
            },
            "accuracy": 0.64,
            "macro avg": {
                "precision": 0.7370233050847458,
                "recall": 0.6598214285714286,
                "f1-score": 0.6153115501519757,
                "support": 150.0
            },
            "weighted avg": {
                "precision": 0.7483050847457627,
                "recall": 0.64,
                "f1-score": 0.6088145896656535,
                "support": 150.0
            }
        },
        "confusion_matrix": [
            [
                29,
                51
            ],
            [
                3,
                67
            ]
        ],
        "average_confidence": 0.9815021538734436,
        "confident_wrong_count": 51,
        "confidence_threshold": 0.8,
        "category_metrics": {
            "ambiguous": {
                "count": 30,
                "accuracy": 0.6666666666666666,
                "macro_f1": 0.625
            },
            "figurative": {
                "count": 30,
                "accuracy": 0.9333333333333333,
                "macro_f1": 0.9333333333333333
            },
            "negation": {
                "count": 30,
                "accuracy": 0.36666666666666664,
                "macro_f1": 0.304029304029304
            },
            "negation_temporal": {
                "count": 30,
                "accuracy": 0.6,
                "macro_f1": 0.55
            },
            "temporal": {
                "count": 30,
                "accuracy": 0.6333333333333333,
                "macro_f1": 0.5970695970695971
            }
        }
    }
}