{
    "experiment_id": "E2",
    "model_path": "saved_models/E2",
    "id_test": {
        "accuracy": 0.9606879606879607,
        "macro_f1": 0.9606192549588777,
        "precision": 0.9602604997341839,
        "recall": 0.9613977713178294,
        "classification_report": {
            "non-risky": {
                "precision": 0.9760765550239234,
                "recall": 0.9488372093023256,
                "f1-score": 0.9622641509433962,
                "support": 215.0
            },
            "risky": {
                "precision": 0.9444444444444444,
                "recall": 0.9739583333333334,
                "f1-score": 0.958974358974359,
                "support": 192.0
            },
            "accuracy": 0.9606879606879607,
            "macro avg": {
                "precision": 0.9602604997341839,
                "recall": 0.9613977713178294,
                "f1-score": 0.9606192549588777,
                "support": 407.0
            },
            "weighted avg": {
                "precision": 0.9611542817284443,
                "recall": 0.9606879606879607,
                "f1-score": 0.9607122097688136,
                "support": 407.0
            }
        },
        "confusion_matrix": [
            [
                204,
                11
            ],
            [
                5,
                187
            ]
        ],
        "average_confidence": 0.9963244032801223,
        "confident_wrong_count": 16,
        "confidence_threshold": 0.8
    },
    "ood": {
        "accuracy": 0.5666666666666667,
        "macro_f1": 0.5149012388676053,
        "precision": 0.6882613510520488,
        "recall": 0.5910714285714286,
        "classification_report": {
            "non-risky": {
                "precision": 0.8571428571428571,
                "recall": 0.225,
                "f1-score": 0.3564356435643564,
                "support": 80.0
            },
            "risky": {
                "precision": 0.5193798449612403,
                "recall": 0.9571428571428572,
                "f1-score": 0.6733668341708543,
                "support": 70.0
            },
            "accuracy": 0.5666666666666667,
            "macro avg": {
                "precision": 0.6882613510520488,
                "recall": 0.5910714285714286,
                "f1-score": 0.5149012388676053,
                "support": 150.0
            },
            "weighted avg": {
                "precision": 0.6995201181247693,
                "recall": 0.5666666666666667,
                "f1-score": 0.5043368658473888,
                "support": 150.0
            }
        },
        "confusion_matrix": [
            [
                18,
                62
            ],
            [
                3,
                67
            ]
        ],
        "average_confidence": 0.9900534077485402,
        "confident_wrong_count": 63,
        "confidence_threshold": 0.8,
        "category_metrics": {
            "ambiguous": {
                "count": 30,
                "accuracy": 0.5666666666666667,
                "macro_f1": 0.466484268125855
            },
            "figurative": {
                "count": 30,
                "accuracy": 0.9,
                "macro_f1": 0.899888765294772
            },
            "negation": {
                "count": 30,
                "accuracy": 0.36666666666666664,
                "macro_f1": 0.304029304029304
            },
            "negation_temporal": {
                "count": 30,
                "accuracy": 0.5,
                "macro_f1": 0.3333333333333333
            },
            "temporal": {
                "count": 30,
                "accuracy": 0.5,
                "macro_f1": 0.42233632862644416
            }
        }
    }
}