{
    "experiment_id": "E5",
    "model_path": "saved_models/E5",
    "id_test": {
        "accuracy": 0.9680589680589681,
        "macro_f1": 0.9680095288192365,
        "precision": 0.967662833397758,
        "recall": 0.9689316860465116,
        "classification_report": {
            "non-risky": {
                "precision": 0.9855769230769231,
                "recall": 0.9534883720930233,
                "f1-score": 0.9692671394799054,
                "support": 215.0
            },
            "risky": {
                "precision": 0.949748743718593,
                "recall": 0.984375,
                "f1-score": 0.9667519181585678,
                "support": 192.0
            },
            "accuracy": 0.9680589680589681,
            "macro avg": {
                "precision": 0.967662833397758,
                "recall": 0.9689316860465116,
                "f1-score": 0.9680095288192365,
                "support": 407.0
            },
            "weighted avg": {
                "precision": 0.9686751775319615,
                "recall": 0.9680589680589681,
                "f1-score": 0.9680805977263507,
                "support": 407.0
            }
        },
        "confusion_matrix": [
            [
                205,
                10
            ],
            [
                3,
                189
            ]
        ],
        "average_confidence": 0.9949015709926221,
        "confident_wrong_count": 12,
        "confidence_threshold": 0.8
    },
    "ood": {
        "accuracy": 0.7133333333333334,
        "macro_f1": 0.7086589276841773,
        "precision": 0.749554367201426,
        "recall": 0.7250000000000001,
        "classification_report": {
            "non-risky": {
                "precision": 0.8627450980392157,
                "recall": 0.55,
                "f1-score": 0.6717557251908397,
                "support": 80.0
            },
            "risky": {
                "precision": 0.6363636363636364,
                "recall": 0.9,
                "f1-score": 0.7455621301775148,
                "support": 70.0
            },
            "accuracy": 0.7133333333333334,
            "macro avg": {
                "precision": 0.749554367201426,
                "recall": 0.7250000000000001,
                "f1-score": 0.7086589276841773,
                "support": 150.0
            },
            "weighted avg": {
                "precision": 0.7571004159239454,
                "recall": 0.7133333333333334,
                "f1-score": 0.7061987141846214,
                "support": 150.0
            }
        },
        "confusion_matrix": [
            [
                44,
                36
            ],
            [
                7,
                63
            ]
        ],
        "average_confidence": 0.9756091439723968,
        "confident_wrong_count": 38,
        "confidence_threshold": 0.8,
        "category_metrics": {
            "ambiguous": {
                "count": 30,
                "accuracy": 0.6333333333333333,
                "macro_f1": 0.576379974326059
            },
            "figurative": {
                "count": 30,
                "accuracy": 0.9,
                "macro_f1": 0.899888765294772
            },
            "negation": {
                "count": 30,
                "accuracy": 0.5666666666666667,
                "macro_f1": 0.5622895622895623
            },
            "negation_temporal": {
                "count": 30,
                "accuracy": 0.7333333333333333,
                "macro_f1": 0.7333333333333333
            },
            "temporal": {
                "count": 30,
                "accuracy": 0.7333333333333333,
                "macro_f1": 0.7285067873303167
            }
        }
    }
}